Date,close
2018/4/9,6770.73
2018/4/8,7023.52
2018/4/7,6911.09
2018/4/6,6636.32
2018/4/5,6811.47
2018/4/4,6853.84
2018/4/3,7456.11
2018/4/2,7083.8
2018/4/1,6844.23
2018/3/31,6973.53
2018/3/30,6890.52
2018/3/29,7165.7
2018/3/28,7954.48
2018/3/27,7833.04
2018/3/26,8209.4
2018/3/25,8495.78
2018/3/24,8668.12
2018/3/23,8879.62
2018/3/22,8728.47
2018/3/21,8929.28
2018/3/20,8913.47
2018/3/19,8630.65
2018/3/18,8223.68
2018/3/17,7916.88
2018/3/16,8338.35
2018/3/15,8300.86
2018/3/14,8269.81
2018/3/13,9194.85
2018/3/12,9205.12
2018/3/11,9578.63
2018/3/10,8866
2018/3/9,9337.55
2018/3/8,9395.01
2018/3/7,9965.57
2018/3/6,10779.9
2018/3/5,11573.3
2018/3/4,11512.6
2018/3/3,11489.7
2018/3/2,11086.4
2018/3/1,10951
2018/2/28,10397.9
2018/2/27,10725.6
2018/2/26,10366.7
2018/2/25,9664.73
2018/2/24,9813.07
2018/2/23,10301.1
2018/2/22,10005
2018/2/21,10690.4
2018/2/20,11403.7
2018/2/19,11225.3
2018/2/18,10551.8
2018/2/17,11112.7
2018/2/16,10233.9
2018/2/15,10166.4
2018/2/14,9494.63
2018/2/13,8598.31
2018/2/12,8926.57
2018/2/11,8129.97
2018/2/10,8621.9
2018/2/9,8736.98
2018/2/8,8265.59
2018/2/7,7621.3
2018/2/6,7754
2018/2/5,6955.27
2018/2/4,8277.01
2018/2/3,9174.91
2018/2/2,8830.75
2018/2/1,9170.54
2018/1/31,10221.1
2018/1/30,10106.3
2018/1/29,11296.4
2018/1/28,11786.3
2018/1/27,11440.7
2018/1/26,11171.4
2018/1/25,11259.4
2018/1/24,11359.4
2018/1/23,10868.4
2018/1/22,10931.4
2018/1/21,11600.1
2018/1/20,12899.2
2018/1/19,11607.4
2018/1/18,11474.9
2018/1/17,11188.6
2018/1/16,11490.5
2018/1/15,13819.8
2018/1/14,13772
2018/1/13,14360.2
2018/1/12,13980.6
2018/1/11,13405.8
2018/1/10,14973.3
2018/1/9,14595.4
2018/1/8,15170.1
2018/1/7,16477.6
2018/1/6,17527
2018/1/5,17429.5
2018/1/4,15599.2
2018/1/3,15201
2018/1/2,14982.1
2018/1/1,13657.2
2017/12/31,14156.4
2017/12/30,12952.2
2017/12/29,14656.2
2017/12/28,14606.5
2017/12/27,15838.5
2017/12/26,16099.8
2017/12/25,14026.6
2017/12/24,13925.8
2017/12/23,14699.2
2017/12/22,13831.8
2017/12/21,15802.9
2017/12/20,16624.6
2017/12/19,17776.7
2017/12/18,19114.2
2017/12/17,19140.8
2017/12/16,19497.4
2017/12/15,17706.9
2017/12/14,16564
2017/12/13,16408.2
2017/12/12,17415.4
2017/12/11,16936.8
2017/12/10,15455.4
2017/12/9,15178.2
2017/12/8,16569.4
2017/12/7,17899.7
2017/12/6,14291.5
2017/12/5,11916.7
2017/12/4,11657.2
2017/12/3,11323.2
2017/12/2,11074.6
2017/12/1,10975.6
2017/11/30,10233.6
2017/11/29,9888.61
2017/11/28,10058.8
2017/11/27,9818.35
2017/11/26,9330.55
2017/11/25,8790.92
2017/11/24,8253.69
2017/11/23,8038.77
2017/11/22,8253.55
2017/11/21,8071.26
2017/11/20,8200.64
2017/11/19,8036.49
2017/11/18,7790.15
2017/11/17,7708.99
2017/11/16,7871.69
2017/11/15,7315.54
2017/11/14,6635.75
2017/11/13,6559.49
2017/11/12,5950.07
2017/11/11,6357.6
2017/11/10,6618.14
2017/11/9,7143.58
2017/11/8,7459.69
2017/11/7,7144.38
2017/11/6,7022.76
2017/11/5,7407.41
2017/11/4,7379.95
2017/11/3,7207.76
2017/11/2,7078.5
2017/11/1,6767.31
2017/10/31,6468.4
2017/10/30,6130.53
2017/10/29,6153.85
2017/10/28,5753.09
2017/10/27,5780.9
2017/10/26,5904.83
2017/10/25,5750.8
2017/10/24,5526.64
2017/10/23,5930.32
2017/10/22,6008.42
2017/10/21,6031.6
2017/10/20,6011.45
2017/10/19,5708.52
2017/10/18,5590.69
2017/10/17,5605.51
2017/10/16,5725.59
2017/10/15,5678.19
2017/10/14,5831.79
2017/10/13,5647.21
2017/10/12,5446.91
2017/10/11,4826.48
2017/10/10,4781.99
2017/10/9,4772.02
2017/10/8,4610.48
2017/10/7,4426.89
2017/10/6,4370.81
2017/10/5,4328.41
2017/10/4,4229.36
2017/10/3,4317.48
2017/10/2,4409.32
2017/10/1,4403.74
2017/9/30,4338.71
2017/9/29,4163.07
2017/9/28,4174.73
2017/9/27,4200.67
2017/9/26,3892.35
2017/9/25,3926.07
2017/9/24,3682.84
2017/9/23,3792.4
2017/9/22,3630.7
2017/9/21,3631.04
2017/9/20,3905.95
2017/9/19,3924.97
2017/9/18,4065.2
2017/9/17,3582.88
2017/9/16,3625.04
2017/9/15,3637.52
2017/9/14,3154.95
2017/9/13,3882.59
2017/9/12,4130.81
2017/9/11,4161.27
2017/9/10,4122.94
2017/9/9,4226.06
2017/9/8,4228.75
2017/9/7,4599.88
2017/9/6,4597.12
2017/9/5,4376.53
2017/9/4,4236.31
2017/9/3,4582.96
2017/9/2,4578.77
2017/9/1,4892.01
2017/8/31,4703.39
2017/8/30,4565.3
2017/8/29,4579.02
2017/8/28,4382.66
2017/8/27,4382.88
2017/8/26,4352.4
2017/8/25,4371.6
2017/8/24,4334.68
2017/8/23,4151.52
2017/8/22,4100.52
2017/8/21,4001.74
2017/8/20,4087.66
2017/8/19,4193.7
2017/8/18,4160.62
2017/8/17,4331.69
2017/8/16,4376.63
2017/8/15,4181.93
2017/8/14,4325.13
2017/8/13,4073.26
2017/8/12,3884.71
2017/8/11,3650.62
2017/8/10,3381.28
2017/8/9,3342.47
2017/8/8,3419.94
2017/8/7,3378.94
2017/8/6,3213.94
2017/8/5,3252.91
2017/8/4,2895.89
2017/8/3,2804.73
2017/8/2,2710.67
2017/8/1,2718.26
2017/7/31,2875.34
2017/7/30,2757.18
2017/7/29,2726.45
2017/7/28,2809.01
2017/7/27,2671.78
2017/7/26,2529.45
2017/7/25,2576.48
2017/7/24,2754.86
2017/7/23,2730.4
2017/7/22,2810.12
2017/7/21,2667.76
2017/7/20,2817.6
2017/7/19,2273.43
2017/7/18,2318.88
2017/7/17,2228.41
2017/7/16,1929.82
2017/7/15,1998.86
2017/7/14,2233.34
2017/7/13,2357.9
2017/7/12,2398.84
2017/7/11,2337.79
2017/7/10,2372.56
2017/7/9,2518.44
2017/7/8,2571.34
2017/7/7,2518.66
2017/7/6,2608.56
2017/7/5,2601.99
2017/7/4,2601.64
2017/7/3,2564.06
2017/7/2,2506.47
2017/7/1,2434.55
2017/6/30,2480.84
2017/6/29,2539.32
2017/6/28,2574.79
2017/6/27,2552.45
2017/6/26,2478.45
2017/6/25,2589.41
2017/6/24,2608.72
2017/6/23,2744.91
2017/6/22,2705.41
2017/6/21,2689.1
2017/6/20,2721.79
2017/6/19,2589.6
2017/6/18,2548.29
2017/6/17,2655.88
2017/6/16,2518.56
2017/6/15,2464.58
2017/6/14,2506.37
2017/6/13,2717.02
2017/6/12,2659.63
2017/6/11,2958.11
2017/6/10,2947.71
2017/6/9,2823.81
2017/6/8,2805.62
2017/6/7,2732.16
2017/6/6,2863.2
2017/6/5,2686.81
2017/6/4,2511.81
2017/6/3,2515.35
2017/6/2,2488.55
2017/6/1,2407.88
2017/5/31,2286.41
2017/5/30,2175.47
2017/5/29,2255.61
2017/5/28,2155.8
2017/5/27,2038.87
2017/5/26,2202.42
2017/5/25,2304.98
2017/5/24,2443.64
2017/5/23,2320.42
2017/5/22,2173.4
2017/5/21,2041.2
2017/5/20,2084.73
2017/5/19,1987.71
2017/5/18,1888.65
2017/5/17,1839.09
2017/5/16,1734.45
2017/5/15,1738.43
2017/5/14,1808.91
2017/5/13,1804.91
2017/5/12,1724.24
2017/5/11,1848.57
2017/5/10,1787.13
2017/5/9,1755.36
2017/5/8,1723.35
2017/5/7,1596.71
2017/5/6,1578.8
2017/5/5,1555.45
2017/5/4,1537.67
2017/5/3,1490.09
2017/5/2,1452.82
2017/5/1,1421.6
2017/4/30,1347.89
2017/4/29,1321.79
2017/4/28,1316.48
2017/4/27,1317.73
2017/4/26,1281.08
2017/4/25,1265.49
2017/4/24,1250.15
2017/4/23,1207.21
2017/4/22,1231.71
2017/4/21,1222.05
2017/4/20,1229.08
2017/4/19,1210.29
2017/4/18,1211.67
2017/4/17,1193.91
2017/4/16,1182.94
2017/4/15,1172.52
2017/4/14,1167.54
2017/4/13,1169.28
2017/4/12,1200.37
2017/4/11,1205.01
2017/4/10,1187.13
2017/4/9,1187.87
2017/4/8,1175.95
2017/4/7,1176.9
2017/4/6,1182.68
2017/4/5,1124.78
2017/4/4,1133.25
2017/4/3,1143.81
2017/4/2,1102.17
2017/4/1,1080.5
2017/3/31,1071.79
2017/3/30,1026.43
2017/3/29,1039.97
2017/3/28,1047.15
2017/3/27,1045.77
2017/3/26,966.73
2017/3/25,972.78
2017/3/24,937.52
2017/3/23,1038.59
2017/3/22,1049.14
2017/3/21,1120.54
2017/3/20,1054.23
2017/3/19,1036.74
2017/3/18,973.82
2017/3/17,1100.23
2017/3/16,1187.81
2017/3/15,1249.61
2017/3/14,1240
2017/3/13,1231.92
2017/3/12,1221.38
2017/3/11,1175.83
2017/3/10,1116.72
2017/3/9,1188.49
2017/3/8,1150
2017/3/7,1223.54
2017/3/6,1272.83
2017/3/5,1267.12
2017/3/4,1255.15
2017/3/3,1274.99
2017/3/2,1251.01
2017/3/1,1222.5
2017/2/28,1179.97
2017/2/27,1179.97
2017/2/26,1165.2
2017/2/25,1143.84
2017/2/24,1173.68
2017/2/23,1166.72
2017/2/22,1117.44
2017/2/21,1115.3
2017/2/20,1079.98
2017/2/19,1047.87
2017/2/18,1054.42
2017/2/17,1046.21
2017/2/16,1027.44
2017/2/15,1007.48
2017/2/14,1004.55
2017/2/13,990.64
2017/2/12,999.18
2017/2/11,1004.45
2017/2/10,988.67
2017/2/9,994.38
2017/2/8,1063.07
2017/2/7,1061.35
2017/2/6,1038.15
2017/2/5,1027.34
2017/2/4,1042.9
2017/2/3,1029.91
2017/2/2,1011.8
2017/2/1,989.02
2017/1/31,970.4
2017/1/30,920.38
2017/1/29,919.5
2017/1/28,921.59
2017/1/27,919.75
2017/1/26,917.59
2017/1/25,901.54
2017/1/24,892.69
2017/1/23,921.01
2017/1/22,924.67
2017/1/21,921.79
2017/1/20,895.03
2017/1/19,899.07
2017/1/18,886.62
2017/1/17,907.94
2017/1/16,831.53
2017/1/15,821.8
2017/1/14,818.41
2017/1/13,823.98
2017/1/12,804.83
2017/1/11,777.76
2017/1/10,907.68
2017/1/9,902.83
2017/1/8,911.2
2017/1/7,908.59
2017/1/6,902.2
2017/1/5,1013.38
2017/1/4,1154.73
2017/1/3,1043.84
2017/1/2,1021.75
2017/1/1,998.33
2016/12/31,963.74
2016/12/30,961.24
2016/12/29,973.5
2016/12/28,975.92
2016/12/27,933.2
2016/12/26,907.61
2016/12/25,896.18
2016/12/24,898.82
2016/12/23,921.98
2016/12/22,864.54
2016/12/21,834.28
2016/12/20,800.88
2016/12/19,792.71
2016/12/18,790.53
2016/12/17,790.83
2016/12/16,784.91
2016/12/15,778.09
2016/12/14,781.48
2016/12/13,780.56
2016/12/12,780.09
2016/12/11,769.73
2016/12/10,774.65
2016/12/9,772.79
2016/12/8,770.81
2016/12/7,768.13
2016/12/6,764.22
2016/12/5,758.7
2016/12/4,773.87
2016/12/3,771.15
2016/12/2,777.94
2016/12/1,756.77
2016/11/30,745.69
2016/11/29,735.6
2016/11/28,735.81
2016/11/27,732.03
2016/11/26,735.38
2016/11/25,741.65
2016/11/24,740.29
2016/11/23,744.59
2016/11/22,751.35
2016/11/21,739.25
2016/11/20,731.03
2016/11/19,751.62
2016/11/18,751.59
2016/11/17,740.98
2016/11/16,744.2
2016/11/15,711.62
2016/11/14,705.02
2016/11/13,702.03
2016/11/12,705.05
2016/11/11,716.41
2016/11/10,715.53
2016/11/9,723.27
2016/11/8,709.85
2016/11/7,703.13
2016/11/6,711.52
2016/11/5,703.42
2016/11/4,703.24
2016/11/3,688.7
2016/11/2,740.83
2016/11/1,729.79
2016/10/31,700.97
2016/10/30,701.86
2016/10/29,714.48
2016/10/28,689.65
2016/10/27,688.31
2016/10/26,678.3
2016/10/25,657.59
2016/10/24,653.76
2016/10/23,657.07
2016/10/22,657.29
2016/10/21,632.83
2016/10/20,630.86
2016/10/19,630.52
2016/10/18,637.96
2016/10/17,639.19
2016/10/16,641.63
2016/10/15,638.65
2016/10/14,640.38
2016/10/13,636.79
2016/10/12,636.19
2016/10/11,641.07
2016/10/10,618.99
2016/10/9,616.75
2016/10/8,619.11
2016/10/7,617.12
2016/10/6,613.02
2016/10/5,612.51
2016/10/4,610.2
2016/10/3,612.13
2016/10/2,610.89
2016/10/1,613.98
2016/9/30,609.74
2016/9/29,605.69
2016/9/28,604.73
2016/9/27,606.17
2016/9/26,608.04
2016/9/25,600.83
2016/9/24,602.63
2016/9/23,602.84
2016/9/22,596.3
2016/9/21,597.15
2016/9/20,608.31
2016/9/19,609.23
2016/9/18,609.87
2016/9/17,605.98
2016/9/16,606.97
2016/9/15,607.15
2016/9/14,610.68
2016/9/13,609.24
2016/9/12,608.24
2016/9/11,606.72
2016/9/10,623.51
2016/9/9,622.86
2016/9/8,626.32
2016/9/7,614.54
2016/9/6,610.44
2016/9/5,606.59
2016/9/4,608.63
2016/9/3,598.21
2016/9/2,575.54
2016/9/1,572.3
2016/8/31,575.47
2016/8/30,577.5
2016/8/29,574.11
2016/8/28,573.91
2016/8/27,569.95
2016/8/26,579.65
2016/8/25,577.76
2016/8/24,580.18
2016/8/23,583.41
2016/8/22,586.75
2016/8/21,581.31
2016/8/20,581.7
2016/8/19,575.63
2016/8/18,574.32
2016/8/17,573.22
2016/8/16,577.44
2016/8/15,567.24
2016/8/14,570.47
2016/8/13,585.59
2016/8/12,587.56
2016/8/11,589.12
2016/8/10,592.1
2016/8/9,587.8
2016/8/8,591.05
2016/8/7,592.69
2016/8/6,587.78
2016/8/5,575.04
2016/8/4,578.29
2016/8/3,566.36
2016/8/2,547.47
2016/8/1,606.27
2016/7/31,624.68
2016/7/30,655.05
2016/7/29,656.99
2016/7/28,655.03
2016/7/27,654.35
2016/7/26,651.78
2016/7/25,654.1
2016/7/24,661.28
2016/7/23,655.56
2016/7/22,650.62
2016/7/21,665.01
2016/7/20,665.68
2016/7/19,672.86
2016/7/18,673.11
2016/7/17,679.46
2016/7/16,660.77
2016/7/15,663.25
2016/7/14,658.08
2016/7/13,654.47
2016/7/12,664.55
2016/7/11,647.66
2016/7/10,649.36
2016/7/9,650.96
2016/7/8,666.52
2016/7/7,640.56
2016/7/6,677.33
2016/7/5,670.63
2016/7/4,683.66
2016/7/3,658.66
2016/7/2,703.7
2016/7/1,676.3
2016/6/30,673.34
2016/6/29,639.89
2016/6/28,647
2016/6/27,655.27
2016/6/26,629.37
2016/6/25,665.12
2016/6/24,665.3
2016/6/23,623.98
2016/6/22,596.12
2016/6/21,666.65
2016/6/20,737.23
2016/6/19,763.78
2016/6/18,756.23
2016/6/17,748.91
2016/6/16,766.31
2016/6/15,694.47
2016/6/14,685.56
2016/6/13,704.38
2016/6/12,672.78
2016/6/11,606.73
2016/6/10,577.47
2016/6/9,574.63
2016/6/8,581.64
2016/6/7,576.6
2016/6/6,585.54
2016/6/5,574.98
2016/6/4,572.73
2016/6/3,569.19
2016/6/2,537.97
2016/6/1,536.92
2016/5/31,531.39
2016/5/30,533.86
2016/5/29,526.23
2016/5/28,530.04
2016/5/27,473.46
2016/5/26,453.38
2016/5/25,449.6
2016/5/24,445.98
2016/5/23,444.15
2016/5/22,439.32
2016/5/21,443.19
2016/5/20,442.68
2016/5/19,438.71
2016/5/18,454.62
2016/5/17,453.78
2016/5/16,454.16
2016/5/15,457.57
2016/5/14,455.67
2016/5/13,455.67
2016/5/12,454.77
2016/5/11,452.73
2016/5/10,450.89
2016/5/9,460.48
2016/5/8,458.55
2016/5/7,458.54
2016/5/6,459.6
2016/5/5,447.98
2016/5/4,446.72
2016/5/3,450.3
2016/5/2,444.67
2016/5/1,451.88
2016/4/30,448.32
2016/4/29,455.1
2016/4/28,449.01
2016/4/27,444.69
2016/4/26,466.09
2016/4/25,461.43
2016/4/24,458.56
2016/4/23,450.28
2016/4/22,445.74
2016/4/21,449.43
2016/4/20,441.39
2016/4/19,435.51
2016/4/18,428.59
2016/4/17,427.4
2016/4/16,430.57
2016/4/15,429.71
2016/4/14,424.28
2016/4/13,423.73
2016/4/12,425.19
2016/4/11,422.48
2016/4/10,421.56
2016/4/9,419.41
2016/4/8,420.35
2016/4/7,422.75
2016/4/6,423.41
2016/4/5,424.03
2016/4/4,421.44
2016/4/3,420.9
2016/4/2,420.87
2016/4/1,417.96
2016/3/31,416.73
2016/3/30,414.82
2016/3/29,416.52
2016/3/28,424.23
2016/3/27,426.76
2016/3/26,417.94
2016/3/25,417.18
2016/3/24,416.39
2016/3/23,418.04
2016/3/22,418.09
2016/3/21,413.31
2016/3/20,413.75
2016/3/19,410.44
2016/3/18,409.55
2016/3/17,420.62
2016/3/16,417.01
2016/3/15,416.83
2016/3/14,416.44
2016/3/13,414.06
2016/3/12,411.62
2016/3/11,421.69
2016/3/10,417.13
2016/3/9,414.86
2016/3/8,413.97
2016/3/7,414.32
2016/3/6,407.71
2016/3/5,400.57
2016/3/4,410.94
2016/3/3,421.65
2016/3/2,423.99
2016/3/1,435.12
2016/2/29,437.7
2016/2/28,433.5
2016/2/27,432.52
2016/2/26,432.15
2016/2/25,424.54
2016/2/24,424.95
2016/2/23,420.74
2016/2/22,437.75
2016/2/21,438.8
2016/2/20,437.16
2016/2/19,420.79
2016/2/18,422.37
2016/2/17,416.32
2016/2/16,407.49
2016/2/15,400.19
2016/2/14,407.23
2016/2/13,391.86
2016/2/12,384.26
2016/2/11,379.65
2016/2/10,381.65
2016/2/9,376.03
2016/2/8,373.45
2016/2/7,376.62
2016/2/6,376.52
2016/2/5,386.55
2016/2/4,389.59
2016/2/3,369.95
2016/2/2,374.45
2016/2/1,373.06
2016/1/31,368.77
2016/1/30,378.25
2016/1/29,379.47
2016/1/28,380.29
2016/1/27,394.97
2016/1/26,392.15
2016/1/25,391.73
2016/1/24,402.97
2016/1/23,387.49
2016/1/22,382.49
2016/1/21,410.26
2016/1/20,420.23
2016/1/19,380.15
2016/1/18,387.17
2016/1/17,382.3
2016/1/16,387.54
2016/1/15,364.33
2016/1/14,430.31
2016/1/13,432.37
2016/1/12,435.69
2016/1/11,448.43
2016/1/10,447.99
2016/1/9,447.61
2016/1/8,453.23
2016/1/7,458.05
2016/1/6,429.11
2016/1/5,431.96
2016/1/4,433.09
2016/1/3,430.01
2016/1/2,433.44
2016/1/1,434.33
2015/12/31,430.57
2015/12/30,426.62
2015/12/29,432.98
2015/12/28,422.28
2015/12/27,422.82
2015/12/26,417.27
2015/12/25,455.65
2015/12/24,454.99
2015/12/23,442.4
2015/12/22,436.57
2015/12/21,438.64
2015/12/20,442.69
2015/12/19,462.32
2015/12/18,463.62
2015/12/17,456.08
2015/12/16,454.93
2015/12/15,465.32
2015/12/14,444.18
2015/12/13,433.75
2015/12/12,435
2015/12/11,451.94
2015/12/10,415.48
2015/12/9,417.56
2015/12/8,415.56
2015/12/7,395.54
2015/12/6,388.78
2015/12/5,388.95
2015/12/4,363.18
2015/12/3,361.05
2015/12/2,359.19
2015/12/1,362.49
2015/11/30,377.32
2015/11/29,371.29
2015/11/28,357.38
2015/11/27,358.04
2015/11/26,352.68
2015/11/25,328.21
2015/11/24,320.05
2015/11/23,323.05
2015/11/22,324.54
2015/11/21,326.93
2015/11/20,322.02
2015/11/19,326.15
2015/11/18,334.59
2015/11/17,335.09
2015/11/16,330.75
2015/11/15,320.17
2015/11/14,332.91
2015/11/13,336.75
2015/11/12,338.15
2015/11/11,311.08
2015/11/10,336.82
2015/11/9,380.26
2015/11/8,373.37
2015/11/7,386.48
2015/11/6,374.47
2015/11/5,386.35
2015/11/4,411.56
2015/11/3,403.42
2015/11/2,361.19
2015/11/1,325.43
2015/10/31,314.17
2015/10/30,328.01
2015/10/29,313.86
2015/10/28,304.62
2015/10/27,293.79
2015/10/26,285.3
2015/10/25,283.68
2015/10/24,281.65
2015/10/23,276.5
2015/10/22,274.02
2015/10/21,266.27
2015/10/20,269.46
2015/10/19,263.44
2015/10/18,261.64
2015/10/17,270.64
2015/10/16,262.87
2015/10/15,254.32
2015/10/14,251.99
2015/10/13,249.51
2015/10/12,245.31
2015/10/11,247.05
2015/10/10,244.94
2015/10/9,243.93
2015/10/8,242.3
2015/10/7,242.97
2015/10/6,246.06
2015/10/5,240.38
2015/10/4,238.26
2015/10/3,238.73
2015/10/2,237.29
2015/10/1,237.55
2015/9/30,236.06
2015/9/29,236.69
2015/9/28,239.14
2015/9/27,232.76
2015/9/26,234.34
2015/9/25,235.14
2015/9/24,234.53
2015/9/23,230.28
2015/9/22,230.62
2015/9/21,227.09
2015/9/20,231.21
2015/9/19,231.49
2015/9/18,232.97
2015/9/17,229.81
2015/9/16,229.09
2015/9/15,230.3
2015/9/14,230.64
2015/9/13,230.51
2015/9/12,235.23
2015/9/11,240.11
2015/9/10,238.48
2015/9/9,238.17
2015/9/8,243.61
2015/9/7,239.85
2015/9/6,239.84
2015/9/5,235.02
2015/9/4,230.3
2015/9/3,227.18
2015/9/2,229.28
2015/9/1,228.12
2015/8/31,230.06
2015/8/30,228.76
2015/8/29,229.78
2015/8/28,231.4
2015/8/27,224.77
2015/8/26,225.83
2015/8/25,221.61
2015/8/24,210.5
2015/8/23,228.17
2015/8/22,230.39
2015/8/21,232.57
2015/8/20,235.35
2015/8/19,226.68
2015/8/18,211.08
2015/8/17,257.98
2015/8/16,258.51
2015/8/15,261.55
2015/8/14,265.68
2015/8/13,264.08
2015/8/12,266.38
2015/8/11,270.39
2015/8/10,264.47
2015/8/9,265.08
2015/8/8,261
2015/8/7,279.58
2015/8/6,278.58
2015/8/5,281.88
2015/8/4,285.22
2015/8/3,281.23
2015/8/2,282.61
2015/8/1,281.6
2015/7/31,284.65
2015/7/30,287.72
2015/7/29,289.59
2015/7/28,294.43
2015/7/27,293.62
2015/7/26,292.69
2015/7/25,288.7
2015/7/24,288.28
2015/7/23,276.05
2015/7/22,277.22
2015/7/21,275.83
2015/7/20,278.98
2015/7/19,273.61
2015/7/18,274.9
2015/7/17,279.47
2015/7/16,278.09
2015/7/15,285.83
2015/7/14,287.46
2015/7/13,292.05
2015/7/12,310.87
2015/7/11,293.12
2015/7/10,284.89
2015/7/9,269.23
2015/7/8,270.79
2015/7/7,266.21
2015/7/6,269.03
2015/7/5,271.91
2015/7/4,260.89
2015/7/3,256.34
2015/7/2,255.41
2015/7/1,258.62
2015/6/30,263.07
2015/6/29,257.06
2015/6/28,249.01
2015/6/27,250.99
2015/6/26,243.59
2015/6/25,242.8
2015/6/24,240.51
2015/6/23,244.3
2015/6/22,246.99
2015/6/21,243.94
2015/6/20,245.21
2015/6/19,244.61
2015/6/18,249.01
2015/6/17,249.28
2015/6/16,250.9
2015/6/15,236.82
2015/6/14,233.54
2015/6/13,232.4
2015/6/12,229.98
2015/6/11,229.71
2015/6/10,228.8
2015/6/9,229.05
2015/6/8,228.49
2015/6/7,222.88
2015/6/6,225.62
2015/6/5,224.95
2015/6/4,224.32
2015/6/3,225.87
2015/6/2,225.8
2015/6/1,222.93
2015/5/31,230.19
2015/5/30,233.34
2015/5/29,237.1
2015/5/28,237.41
2015/5/27,237.28
2015/5/26,237.12
2015/5/25,237.11
2015/5/24,240.95
2015/5/23,238.87
2015/5/22,240.35
2015/5/21,235.34
2015/5/20,234.02
2015/5/19,231.95
2015/5/18,233.13
2015/5/17,236.8
2015/5/16,236.15
2015/5/15,237.6
2015/5/14,236.93
2015/5/13,236.38
2015/5/12,241.11
2015/5/11,242.16
2015/5/10,240.3
2015/5/9,241.83
2015/5/8,243.86
2015/5/7,237.33
2015/5/6,229.78
2015/5/5,236.12
2015/5/4,239.02
2015/5/3,240.36
2015/5/2,234.93
2015/5/1,232.08
2015/4/30,236.15
2015/4/29,225.81
2015/4/28,225.85
2015/4/27,229.29
2015/4/26,219.43
2015/4/25,226.39
2015/4/24,231.27
2015/4/23,236.46
2015/4/22,234.18
2015/4/21,235.27
2015/4/20,224.63
2015/4/19,222.6
2015/4/18,223.36
2015/4/17,222.88
2015/4/16,228.57
2015/4/15,223.83
2015/4/14,219.16
2015/4/13,224.59
2015/4/12,236.15
2015/4/11,236.55
2015/4/10,236.07
2015/4/9,243.68
2015/4/8,245.02
2015/4/7,253.18
2015/4/6,255.49
2015/4/5,260.6
2015/4/4,253.7
2015/4/3,254.32
2015/4/2,253
2015/4/1,247.27
2015/3/31,244.22
2015/3/30,247.53
2015/3/29,242.71
2015/3/28,252.8
2015/3/27,247.03
2015/3/26,248.53
2015/3/25,246.2
2015/3/24,245.59
2015/3/23,266.74
2015/3/22,267.96
2015/3/21,260.02
2015/3/20,261.75
2015/3/19,260.93
2015/3/18,256.3
2015/3/17,285.5
2015/3/16,290.59
2015/3/15,286.39
2015/3/14,281.88
2015/3/13,285.34
2015/3/12,294.35
2015/3/11,296.38
2015/3/10,291.76
2015/3/9,289.61
2015/3/8,274.35
2015/3/7,276.26
2015/3/6,272.72
2015/3/5,276.18
2015/3/4,273.09
2015/3/3,281.7
2015/3/2,275.67
2015/3/1,260.2
2015/2/28,254.26
2015/2/27,253.83
2015/2/26,236.43
2015/2/25,237.47
2015/2/24,238.74
2015/2/23,238.89
2015/2/22,235.98
2015/2/21,244.53
2015/2/20,243.78
2015/2/19,240.28
2015/2/18,236.33
2015/2/17,243.61
2015/2/16,233.84
2015/2/15,234.82
2015/2/14,257.32
2015/2/13,235.43
2015/2/12,221.76
2015/2/11,219.19
2015/2/10,219.84
2015/2/9,220.11
2015/2/8,223.41
2015/2/7,227.75
2015/2/6,222.27
2015/2/5,217.11
2015/2/4,226.85
2015/2/3,227.27
2015/2/2,238.23
2015/2/1,226.97
2015/1/31,217.46
2015/1/30,226.43
2015/1/29,233.51
2015/1/28,233.91
2015/1/27,263.48
2015/1/26,273.47
2015/1/25,253.72
2015/1/24,247.85
2015/1/23,232.88
2015/1/22,233.41
2015/1/21,226.9
2015/1/20,211.31
2015/1/19,214.86
2015/1/18,210.34
2015/1/17,199.26
2015/1/16,208.1
2015/1/15,209.84
2015/1/14,178.1
2015/1/13,225.86
2015/1/12,267.8
2015/1/11,265.66
2015/1/10,274.8
2015/1/9,290.41
2015/1/8,283.35
2015/1/7,294.34
2015/1/6,286.19
2015/1/5,274.47
2015/1/4,264.19
2015/1/3,281.08
2015/1/2,315.03
2015/1/1,314.25
2014/12/31,320.19
2014/12/30,310.74
2014/12/29,312.67
2014/12/28,317.24
2014/12/27,315.86
2014/12/26,327.92
2014/12/25,319.01
2014/12/24,322.53
2014/12/23,334.57
2014/12/22,331.89
2014/12/21,320.84
2014/12/20,329.96
2014/12/19,317.84
2014/12/18,311.4
2014/12/17,319.78
2014/12/16,327.06
2014/12/15,345.35
2014/12/14,351.63
2014/12/13,347.38
2014/12/12,352.54
2014/12/11,350.51
2014/12/10,346.37
2014/12/9,352.22
2014/12/8,361.91
2014/12/7,375.1
2014/12/6,374.79
2014/12/5,376.85
2014/12/4,369.6
2014/12/3,375.01
2014/12/2,381.31
2014/12/1,379.25
2014/11/30,378.05
2014/11/29,375.49
2014/11/28,376.45
2014/11/27,369.67
2014/11/26,368.37
2014/11/25,375.35
2014/11/24,376.9
2014/11/23,367.57
2014/11/22,352.92
2014/11/21,350.85
2014/11/20,357.84
2014/11/19,380.56
2014/11/18,375.2
2014/11/17,387.41
2014/11/16,387.88
2014/11/15,376.13
2014/11/14,397.82
2014/11/13,420.74
2014/11/12,423.56
2014/11/11,367.69
2014/11/10,366.92
2014/11/9,363.26
2014/11/8,345.49
2014/11/7,342.42
2014/11/6,349.29
2014/11/5,339.49
2014/11/4,330.49
2014/11/3,327.55
2014/11/2,325.89
2014/11/1,325.75
2014/10/31,338.32
2014/10/30,345.31
2014/10/29,335.59
2014/10/28,357.62
2014/10/27,352.99
2014/10/26,354.7
2014/10/25,347.27
2014/10/24,358.35
2014/10/23,358.42
2014/10/22,383.16
2014/10/21,386.48
2014/10/20,382.85
2014/10/19,389.55
2014/10/18,391.44
2014/10/17,383.76
2014/10/16,382.56
2014/10/15,394.77
2014/10/14,400.87
2014/10/13,390.41
2014/10/12,378.55
2014/10/11,362.3
2014/10/10,361.56
2014/10/9,365.03
2014/10/8,352.94
2014/10/7,336.19
2014/10/6,330.08
2014/10/5,320.51
2014/10/4,328.87
2014/10/3,359.51
2014/10/2,375.07
2014/10/1,383.62
2014/9/30,386.94
2014/9/29,375.47
2014/9/28,377.18
2014/9/27,399.52
2014/9/26,404.43
2014/9/25,411.57
2014/9/24,423.2
2014/9/23,435.79
2014/9/22,402.15
2014/9/21,398.82
2014/9/20,408.9
2014/9/19,394.8
2014/9/18,424.44
2014/9/17,457.33
2014/9/16,466.06
2014/9/15,475.37
2014/9/14,477.89
2014/9/13,479
2014/9/12,477.75
2014/9/11,479.75
2014/9/10,479.36
2014/9/9,475.26
2014/9/8,474.6
2014/9/7,482.28
2014/9/6,484.83
2014/9/5,483.34
2014/9/4,489.66
2014/9/3,477.59
2014/9/2,477.43
2014/9/1,474.88
2014/8/31,477.76
2014/8/30,504.25
2014/8/29,508.52
2014/8/28,507.81
2014/8/27,511.15
2014/8/26,511.57
2014/8/25,502.5
2014/8/24,508.29
2014/8/23,498.07
2014/8/22,514.04
2014/8/21,517.24
2014/8/20,511.98
2014/8/19,485.25
2014/8/18,461.46
2014/8/17,491.8
2014/8/16,519.71
2014/8/15,497.01
2014/8/14,505.97
2014/8/13,546.66
2014/8/12,569.64
2014/8/11,576.37
2014/8/10,591.06
2014/8/9,589.37
2014/8/8,592.58
2014/8/7,588.87
2014/8/6,584.65
2014/8/5,585.44
2014/8/4,588.78
2014/8/3,586.67
2014/8/2,589.33
2014/8/1,594.92
2014/7/31,586.24
2014/7/30,567.29
2014/7/29,584.73
2014/7/28,585.69
2014/7/27,593.85
2014/7/26,595.81
2014/7/25,601.09
2014/7/24,601.73
2014/7/23,619.41
2014/7/22,621.55
2014/7/21,622.21
2014/7/20,623.9
2014/7/19,628.51
2014/7/18,628.78
2014/7/17,623.09
2014/7/16,616.8
2014/7/15,621.59
2014/7/14,619.32
2014/7/13,626.5
2014/7/12,633.71
2014/7/11,632
2014/7/10,616.76
2014/7/9,624.51
2014/7/8,624.82
2014/7/7,624.09
2014/7/6,635.81
2014/7/5,631.46
2014/7/4,630.69
2014/7/3,645.16
2014/7/2,650.88
2014/7/1,640.81
2014/6/30,639.8
2014/6/29,602.72
2014/6/28,596.55
2014/6/27,597.26
2014/6/26,581.14
2014/6/25,566.34
2014/6/24,582.36
2014/6/23,593.98
2014/6/22,602.27
2014/6/21,594.99
2014/6/20,594.15
2014/6/19,598.07
2014/6/18,607.96
2014/6/17,610.86
2014/6/16,592.19
2014/6/15,592.94
2014/6/14,577.36
2014/6/13,600.16
2014/6/12,586.95
2014/6/11,633.02
2014/6/10,653.15
2014/6/9,649.16
2014/6/8,656.14
2014/6/7,654.97
2014/6/6,653.7
2014/6/5,659.26
2014/6/4,641.61
2014/6/3,667.61
2014/6/2,660.62
2014/6/1,630.23
2014/5/31,623.68
2014/5/30,615.33
2014/5/29,568.18
2014/5/28,577.06
2014/5/27,571.24
2014/5/26,583.42
2014/5/25,571.59
2014/5/24,525.14
2014/5/23,520.22
2014/5/22,524.58
2014/5/21,491.77
2014/5/20,485.72
2014/5/19,446.18
2014/5/18,446.26
2014/5/17,448.9
2014/5/16,448.06
2014/5/15,447.25
2014/5/14,443.97
2014/5/13,440.67
2014/5/12,441.46
2014/5/11,438.89
2014/5/10,454.43
2014/5/9,449.46
2014/5/8,440.17
2014/5/7,438.82
2014/5/6,428.96
2014/5/5,433.48
2014/5/4,436.4
2014/5/3,437.76
2014/5/2,449.38
2014/5/1,457.76
2014/4/30,447.64
2014/4/29,447.21
2014/4/28,440.29
2014/4/27,436.39
2014/4/26,458.6
2014/4/25,461.45
2014/4/24,500.46
2014/4/23,491.3
2014/4/22,487.92
2014/4/21,495.77
2014/4/20,498.17
2014/4/19,501.56
2014/4/18,479.64
2014/4/17,495.96
2014/4/16,527.39
2014/4/15,515.59
2014/4/14,458.79
2014/4/13,414.06
2014/4/12,421.12
2014/4/11,420.95
2014/4/10,365.18
2014/4/9,442.73
2014/4/8,453.09
2014/4/7,449.42
2014/4/6,460.5
2014/4/5,461.91
2014/4/4,447.53
2014/4/3,444.72
2014/4/2,437.14
2014/4/1,478.38
2014/3/31,457
2014/3/30,460.27
2014/3/29,491.17
2014/3/28,495.67
2014/3/27,471.24
2014/3/26,580.83
2014/3/25,583.92
2014/3/24,583.41
2014/3/23,561.27
2014/3/22,565.04
2014/3/21,571.49
2014/3/20,588.77
2014/3/19,609.89
2014/3/18,614.83
2014/3/17,622.37
2014/3/16,631.11
2014/3/15,636.12
2014/3/14,628.8
2014/3/13,638.14
2014/3/12,632.1
2014/3/11,634.11
2014/3/10,627.79
2014/3/9,636.96
2014/3/8,617.45
2014/3/7,629.15
2014/3/6,663.86
2014/3/5,665.51
2014/3/4,666.78
2014/3/3,667.76
2014/3/2,559.79
2014/3/1,565.61
2014/2/28,549.26
2014/2/27,578.77
2014/2/26,582.69
2014/2/25,538.71
2014/2/24,546.32
2014/2/23,605.82
2014/2/22,605.42
2014/2/21,574.16
2014/2/20,556.14
2014/2/19,623.03
2014/2/18,626.6
2014/2/17,626.27
2014/2/16,616.63
2014/2/15,650.92
2014/2/14,661.99
2014/2/13,605.24
2014/2/12,651.72
2014/2/11,672.17
2014/2/10,681.03
2014/2/9,682.9
2014/2/8,673.92
2014/2/7,712.4
2014/2/6,781.55
2014/2/5,811.91
2014/2/4,827.96
2014/2/3,823.83
2014/2/2,825.37
2014/2/1,832.58
2014/1/31,829.92
2014/1/30,819.03
2014/1/29,826
2014/1/28,812.51
2014/1/27,771.39
2014/1/26,885.28
2014/1/25,853.61
2014/1/24,797.07
2014/1/23,822.04
2014/1/22,845.59
2014/1/21,863.91
2014/1/20,870.2
2014/1/19,870.96
2014/1/18,840
2014/1/17,814.64
2014/1/16,835.63
2014/1/15,860.9
2014/1/14,833.27
2014/1/13,841.2
2014/1/12,863.22
2014/1/11,913.95
2014/1/10,868.48
2014/1/9,846.86
2014/1/8,842.72
2014/1/7,802
2014/1/6,953.29
2014/1/5,933.53
2014/1/4,859.51
2014/1/3,818.72
2014/1/2,802.39
2014/1/1,771.4
2013/12/31,754.01
2013/12/30,756.13
2013/12/29,745.05
2013/12/28,727.83
2013/12/27,735.07
2013/12/26,761.98
2013/12/25,682.21
2013/12/24,665.58
2013/12/23,673.41
2013/12/22,617.18
2013/12/21,605.66
2013/12/20,625.32
2013/12/19,691.96
2013/12/18,522.7
2013/12/17,682.12
2013/12/16,705.97
2013/12/15,876.12
2013/12/14,872.6
2013/12/13,892.58
2013/12/12,873.26
2013/12/11,878.48
2013/12/10,988.51
2013/12/9,893.19
2013/12/8,795.87
2013/12/7,698.23
2013/12/6,829.45
2013/12/5,1045.11
2013/12/4,1151.17
2013/12/3,1078.28
2013/12/2,1043.33
2013/12/1,955.85
2013/11/30,1129.43
2013/11/29,1131.97
2013/11/28,1031.95
2013/11/27,1001.96
2013/11/26,928.1
2013/11/25,799.11
2013/11/24,774.25
2013/11/23,797.82
2013/11/22,771.44
2013/11/21,722.43
2013/11/20,590.83
2013/11/19,584.61
2013/11/18,703.56
2013/11/17,492.11
2013/11/16,440.22
2013/11/15,417.95
2013/11/14,420.2
2013/11/13,407.37
2013/11/12,360.33
2013/11/11,342.44
2013/11/10,326.62
2013/11/9,339.11
2013/11/8,338.11
2013/11/7,296.41
2013/11/6,262.5
2013/11/5,245.24
2013/11/4,229.1
2013/11/3,215.05
2013/11/2,206.22
2013/11/1,206.18
2013/10/31,204
2013/10/30,199.97
2013/10/29,204.39
2013/10/28,198.55
2013/10/27,196.44
2013/10/26,177.32
2013/10/25,186.69
2013/10/24,198.23
2013/10/23,213.62
2013/10/22,193.76
2013/10/21,182.21
2013/10/20,174.61
2013/10/19,172.42
2013/10/18,155.96
2013/10/17,146.25
2013/10/16,142.55
2013/10/15,145.24
2013/10/14,140.52
2013/10/13,138.13
2013/10/12,135.19
2013/10/11,130.9
2013/10/10,130.59
2013/10/9,130.69
2013/10/8,126
2013/10/7,126.94
2013/10/6,129
2013/10/5,128.55
2013/10/4,129.01
2013/10/3,123.63
2013/10/2,114.13
2013/10/1,132.18
2013/9/30,133
2013/9/29,137.34
2013/9/28,134.78
2013/9/27,133.78
2013/9/26,128.38
2013/9/25,128.22
2013/9/24,127.25
2013/9/23,125.95
2013/9/22,129.12
2013/9/21,127.43
2013/9/20,127.04
2013/9/19,129.65
2013/9/18,131.47
2013/9/17,131.66
2013/9/16,131.72
2013/9/15,130.37
2013/9/14,129.22
2013/9/13,134.98
2013/9/12,133.13
2013/9/11,135.25
2013/9/10,125.91
2013/9/9,127.11
2013/9/8,121.66
2013/9/7,124.15
2013/9/6,119.15
2013/9/5,126.43
2013/9/4,126.74
2013/9/3,136.77
2013/9/2,135.85
2013/9/1,138.34
2013/8/31,135.35
2013/8/30,133.49
2013/8/29,122.39
2013/8/28,122.62
2013/8/27,126.5
2013/8/26,120.06
2013/8/25,122.11
2013/8/24,120.05
2013/8/23,118.5
2013/8/22,121.15
2013/8/21,123.3
2013/8/20,121.2
2013/8/19,119
2013/8/18,113.5
2013/8/17,113.5
2013/8/16,108.99
2013/8/15,109.99
2013/8/14,112.56
2013/8/13,109
2013/8/12,106.64
2013/8/11,105
2013/8/10,103
2013/8/9,102.8
2013/8/8,103
2013/8/7,106.75
2013/8/6,106.75
2013/8/5,106.22
2013/8/4,105.14
2013/8/3,104
2013/8/2,104.5
2013/8/1,104
2013/7/31,106.09
2013/7/30,107.99
2013/7/29,101.2
2013/7/28,99.76
2013/7/27,94.12
2013/7/26,96.02
2013/7/25,96.9
2013/7/24,94.51
2013/7/23,95.56
2013/7/22,91.61
2013/7/21,90.76
2013/7/20,89.39
2013/7/19,92.17
2013/7/18,90.58
2013/7/17,98.5
2013/7/16,97.45
2013/7/15,98.4
2013/7/14,94.69
2013/7/13,98.13
2013/7/12,93.59
2013/7/11,88.98
2013/7/10,86.76
2013/7/9,76.69
2013/7/8,76.52
2013/7/7,74.56
2013/7/6,70.28
2013/7/5,68.43
2013/7/4,80.53
2013/7/3,77.53
2013/7/2,90.13
2013/7/1,88.05
2013/6/30,96.61
2013/6/29,94.99
2013/6/28,94.65
2013/6/27,101.44
2013/6/26,104
2013/6/25,103.95
2013/6/24,102.74
2013/6/23,107.6
2013/6/22,108.3
2013/6/21,109.5
2013/6/20,110.15
2013/6/19,108.25
2013/6/18,107.4
2013/6/17,101.7
2013/6/16,99.51
2013/6/15,99.99
2013/6/14,99.98
2013/6/13,104
2013/6/12,108.15
2013/6/11,108.9
2013/6/10,106.35
2013/6/9,100
2013/6/8,108.3
2013/6/7,111.5
2013/6/6,118
2013/6/5,121.65
2013/6/4,121.42
2013/6/3,122.22
2013/6/2,122.29
2013/6/1,129.3
2013/5/31,129
2013/5/30,128.8
2013/5/29,132.3
2013/5/28,129
2013/5/27,129.75
2013/5/26,133.48
2013/5/25,131.98
2013/5/24,133.2
2013/5/23,126.7
2013/5/22,123.89
2013/5/21,122.88
2013/5/20,122
2013/5/19,121.99
2013/5/18,123.5
2013/5/17,123.02
2013/5/16,118.76
2013/5/15,114.22
2013/5/14,111.5
2013/5/13,117.98
2013/5/12,115
2013/5/11,115.24
2013/5/10,117.2
2013/5/9,112.67
2013/5/8,113.57
2013/5/7,111.5
2013/5/6,112.3
2013/5/5,115.91
2013/5/4,112.5
2013/5/3,97.75
2013/5/2,105.21
2013/5/1,116.99
2013/4/30,139
2013/4/29,144.54
2013/4/28,134.21